{"cameraMode":{"drawMode":0,"name":"Shaded","section":"Shading Mode"},"sceneLighting":true,"audioPlay":false,"sceneViewState":{"m_AlwaysRefresh":false,"showFog":true,"showSkybox":true,"showFlares":true,"showImageEffects":true,"showParticleSystems":true,"showVisualEffectGraphs":true,"m_FxEnabled":true},"in2DMode":false,"pivot":{"x":-12.225713729858399,"y":-142.90635681152345,"z":336.65826416015627},"rotation":{"x":0.30831870436668398,"y":-0.020548315718770028,"z":0.006661608815193176,"w":0.9510411024093628},"size":170.6858673095703,"orthographic":false}